{
  "evaluation_date": "2026-01-04T00:47:19.813283",
  "total_test_cases": 54,
  "per_agent_metrics": {
    "fundamental": {
      "accuracy": 0.9444444444444444,
      "precision": 1.0,
      "recall": 0.9607843137254902,
      "f1_score": 0.98,
      "exact_matches": 17,
      "total_cases": 18
    },
    "sentiment": {
      "accuracy": 0.8888888888888888,
      "precision": 1.0,
      "recall": 0.9411764705882353,
      "f1_score": 0.9696969696969697,
      "exact_matches": 16,
      "total_cases": 18
    },
    "valuation": {
      "accuracy": 0.8888888888888888,
      "precision": 0.96875,
      "recall": 0.9393939393939394,
      "f1_score": 0.9538461538461539,
      "exact_matches": 16,
      "total_cases": 18
    }
  },
  "aggregate_metrics": {
    "accuracy": 0.9074074074074074,
    "precision": 0.9922480620155039,
    "recall": 0.9481481481481482,
    "f1_score": 0.9696969696969696,
    "exact_matches": 49,
    "total_cases": 54
  }
}